#	Behavior	Trigger	In/Out	Plan line	Spec action/invariant	Verdict	Classification	Disposition gap ID	Review basis
1	lexical hit not semantically classified: import java.util.concurrent.TimeUnit	examples/distributed_history/test_graph/build-logic/src/main/kotlin/com/hayden/testgraphsdk/Toolchain.kt:5	out-of-scope	ticket_plan.yaml:648-658	none mapped	unrepresented	out_of_scope_lexical_inventory		INFERRED exact-path scope; source not read
2	lexical hit not semantically classified: import java.util.concurrent.TimeUnit	examples/distributed_history/test_graph/build-logic/src/main/kotlin/com/hayden/testgraphsdk/exec/Executors.kt:7	out-of-scope	ticket_plan.yaml:648-658	none mapped	unrepresented	out_of_scope_lexical_inventory		INFERRED exact-path scope; source not read
3	lexical hit not semantically classified: // briefly but won't block this thread further — waitFor returns	examples/distributed_history/test_graph/build-logic/src/main/kotlin/com/hayden/testgraphsdk/exec/Executors.kt:107	out-of-scope	ticket_plan.yaml:648-658	none mapped	unrepresented	out_of_scope_lexical_inventory		INFERRED exact-path scope; source not read
4	lexical hit not semantically classified: Thread.currentThread().interrupt();	examples/distributed_history/test_graph/sdk/java/src/main/java/com/hayden/testgraphsdk/sdk/Procs.java:87	out-of-scope	ticket_plan.yaml:648-658	none mapped	unrepresented	out_of_scope_lexical_inventory		INFERRED exact-path scope; source not read
5	lexical hit not semantically classified: from threading import Thread	examples/effect_providers/legacy_payment_http/payment_effects/external.py:11	out-of-scope	ticket_plan.yaml:648-658	none mapped	unrepresented	out_of_scope_lexical_inventory		INFERRED exact-path scope; source not read
6	lexical hit not semantically classified: thread = Thread(target=server.serve_forever, daemon=True)	examples/effect_providers/legacy_payment_http/payment_effects/external.py:25	out-of-scope	ticket_plan.yaml:648-658	none mapped	unrepresented	out_of_scope_lexical_inventory		INFERRED exact-path scope; source not read
7	lexical hit not semantically classified: thread.start()	examples/effect_providers/legacy_payment_http/payment_effects/external.py:26	out-of-scope	ticket_plan.yaml:648-658	none mapped	unrepresented	out_of_scope_lexical_inventory		INFERRED exact-path scope; source not read
8	lexical hit not semantically classified: thread.join(timeout=2)	examples/effect_providers/legacy_payment_http/payment_effects/external.py:56	out-of-scope	ticket_plan.yaml:648-658	none mapped	unrepresented	out_of_scope_lexical_inventory		INFERRED exact-path scope; source not read
9	"lexical hit not semantically classified: ""authoring_wall_measurement"": ""shared concurrent wall-clock elapsed since preregistration; not person-effort"","	examples/effect_providers/reminder_worker/run_experiment.py:522	out-of-scope	ticket_plan.yaml:648-658	none mapped	unrepresented	out_of_scope_lexical_inventory		INFERRED exact-path scope; source not read
10	lexical hit not semantically classified: `../desired_program_model/ticket_plan.yaml` synchronized.	scripts/new_ticket_workflow.py:545	out-of-scope	ticket_plan.yaml:648-658	none mapped	unrepresented	out_of_scope_lexical_inventory		INFERRED exact-path scope; source not read
11	"lexical hit not semantically classified: direction: ""This manifest records the target whole-program model and the ticket workflow status. Keep ticket_plan.yaml synchronized whenever scope, order, validation, or acceptance criteria change."""	scripts/new_ticket_workflow.py:685	out-of-scope	ticket_plan.yaml:648-658	none mapped	unrepresented	out_of_scope_lexical_inventory		INFERRED exact-path scope; source not read
12	lexical hit not semantically classified: # not only migrations. Keep it synchronized with spec_manifest.yaml status.	scripts/new_ticket_workflow.py:693	out-of-scope	ticket_plan.yaml:648-658	none mapped	unrepresented	out_of_scope_lexical_inventory		INFERRED exact-path scope; source not read
13	"lexical hit not semantically classified: """"""Suite-wide external setup: start/await the app, reset shared state."	scripts/onboard_program_model.py:729	out-of-scope	ticket_plan.yaml:648-658	none mapped	unrepresented	out_of_scope_lexical_inventory		INFERRED exact-path scope; source not read
14	"lexical hit not semantically classified: """"""Suite-wide external setup: start/await the app, reset shared state."""""""	scripts/scaffold_spec.py:469	out-of-scope	ticket_plan.yaml:648-658	none mapped	unrepresented	out_of_scope_lexical_inventory		INFERRED exact-path scope; source not read
15	lexical hit not semantically classified: import java.util.concurrent.TimeUnit	specs/.history/modular-fuzzing-epic/ticket-000-MF-012/results/specWorkflow-20260718-153853-c3144c6b/cleanup-failure-probe-test-graph/build-logic/src/main/kotlin/com/hayden/testgraphsdk/Toolchain.kt:5	out-of-scope	ticket_plan.yaml:648-658	none mapped	unrepresented	out_of_scope_lexical_inventory		INFERRED exact-path scope; source not read
16	lexical hit not semantically classified: import java.util.concurrent.TimeUnit	specs/.history/modular-fuzzing-epic/ticket-000-MF-012/results/specWorkflow-20260718-153853-c3144c6b/cleanup-failure-probe-test-graph/build-logic/src/main/kotlin/com/hayden/testgraphsdk/exec/Executors.kt:7	out-of-scope	ticket_plan.yaml:648-658	none mapped	unrepresented	out_of_scope_lexical_inventory		INFERRED exact-path scope; source not read
17	lexical hit not semantically classified: // briefly but won't block this thread further — waitFor returns	specs/.history/modular-fuzzing-epic/ticket-000-MF-012/results/specWorkflow-20260718-153853-c3144c6b/cleanup-failure-probe-test-graph/build-logic/src/main/kotlin/com/hayden/testgraphsdk/exec/Executors.kt:107	out-of-scope	ticket_plan.yaml:648-658	none mapped	unrepresented	out_of_scope_lexical_inventory		INFERRED exact-path scope; source not read
18	lexical hit not semantically classified: Thread.currentThread().interrupt();	specs/.history/modular-fuzzing-epic/ticket-000-MF-012/results/specWorkflow-20260718-153853-c3144c6b/cleanup-failure-probe-test-graph/sdk/java/src/main/java/com/hayden/testgraphsdk/sdk/Procs.java:87	out-of-scope	ticket_plan.yaml:648-658	none mapped	unrepresented	out_of_scope_lexical_inventory		INFERRED exact-path scope; source not read
19	lexical hit not semantically classified: import java.util.concurrent.TimeUnit	specs/.history/modular-fuzzing-epic/ticket-000-MF-012/ticket/results/graph-reports/specWorkflow-20260718-153853-c3144c6b/cleanup-failure-probe-test-graph/build-logic/src/main/kotlin/com/hayden/testgraphsdk/Toolchain.kt:5	out-of-scope	ticket_plan.yaml:648-658	none mapped	unrepresented	out_of_scope_lexical_inventory		INFERRED exact-path scope; source not read
20	lexical hit not semantically classified: import java.util.concurrent.TimeUnit	specs/.history/modular-fuzzing-epic/ticket-000-MF-012/ticket/results/graph-reports/specWorkflow-20260718-153853-c3144c6b/cleanup-failure-probe-test-graph/build-logic/src/main/kotlin/com/hayden/testgraphsdk/exec/Executors.kt:7	out-of-scope	ticket_plan.yaml:648-658	none mapped	unrepresented	out_of_scope_lexical_inventory		INFERRED exact-path scope; source not read
21	lexical hit not semantically classified: // briefly but won't block this thread further — waitFor returns	specs/.history/modular-fuzzing-epic/ticket-000-MF-012/ticket/results/graph-reports/specWorkflow-20260718-153853-c3144c6b/cleanup-failure-probe-test-graph/build-logic/src/main/kotlin/com/hayden/testgraphsdk/exec/Executors.kt:107	out-of-scope	ticket_plan.yaml:648-658	none mapped	unrepresented	out_of_scope_lexical_inventory		INFERRED exact-path scope; source not read
22	lexical hit not semantically classified: Thread.currentThread().interrupt();	specs/.history/modular-fuzzing-epic/ticket-000-MF-012/ticket/results/graph-reports/specWorkflow-20260718-153853-c3144c6b/cleanup-failure-probe-test-graph/sdk/java/src/main/java/com/hayden/testgraphsdk/sdk/Procs.java:87	out-of-scope	ticket_plan.yaml:648-658	none mapped	unrepresented	out_of_scope_lexical_inventory		INFERRED exact-path scope; source not read
23	lexical hit not semantically classified: import java.util.concurrent.TimeUnit	specs/.history/modular-fuzzing-epic/ticket-002-MF-021/ticket/results/testgraph-specWorkflow/cleanup-failure-probe-test-graph/build-logic/src/main/kotlin/com/hayden/testgraphsdk/Toolchain.kt:5	out-of-scope	ticket_plan.yaml:648-658	none mapped	unrepresented	out_of_scope_lexical_inventory		INFERRED exact-path scope; source not read
24	lexical hit not semantically classified: import java.util.concurrent.TimeUnit	specs/.history/modular-fuzzing-epic/ticket-002-MF-021/ticket/results/testgraph-specWorkflow/cleanup-failure-probe-test-graph/build-logic/src/main/kotlin/com/hayden/testgraphsdk/exec/Executors.kt:7	out-of-scope	ticket_plan.yaml:648-658	none mapped	unrepresented	out_of_scope_lexical_inventory		INFERRED exact-path scope; source not read
25	lexical hit not semantically classified: // briefly but won't block this thread further — waitFor returns	specs/.history/modular-fuzzing-epic/ticket-002-MF-021/ticket/results/testgraph-specWorkflow/cleanup-failure-probe-test-graph/build-logic/src/main/kotlin/com/hayden/testgraphsdk/exec/Executors.kt:107	out-of-scope	ticket_plan.yaml:648-658	none mapped	unrepresented	out_of_scope_lexical_inventory		INFERRED exact-path scope; source not read
26	lexical hit not semantically classified: Thread.currentThread().interrupt();	specs/.history/modular-fuzzing-epic/ticket-002-MF-021/ticket/results/testgraph-specWorkflow/cleanup-failure-probe-test-graph/sdk/java/src/main/java/com/hayden/testgraphsdk/sdk/Procs.java:87	out-of-scope	ticket_plan.yaml:648-658	none mapped	unrepresented	out_of_scope_lexical_inventory		INFERRED exact-path scope; source not read
27	lexical hit not semantically classified: import java.util.concurrent.TimeUnit	specs/.history/modular-fuzzing-epic/ticket-003-MF-011/results/testgraph-specWorkflow/cleanup-failure-probe-test-graph/build-logic/src/main/kotlin/com/hayden/testgraphsdk/Toolchain.kt:5	out-of-scope	ticket_plan.yaml:648-658	none mapped	unrepresented	out_of_scope_lexical_inventory		INFERRED exact-path scope; source not read
28	lexical hit not semantically classified: import java.util.concurrent.TimeUnit	specs/.history/modular-fuzzing-epic/ticket-003-MF-011/results/testgraph-specWorkflow/cleanup-failure-probe-test-graph/build-logic/src/main/kotlin/com/hayden/testgraphsdk/exec/Executors.kt:7	out-of-scope	ticket_plan.yaml:648-658	none mapped	unrepresented	out_of_scope_lexical_inventory		INFERRED exact-path scope; source not read
29	lexical hit not semantically classified: // briefly but won't block this thread further — waitFor returns	specs/.history/modular-fuzzing-epic/ticket-003-MF-011/results/testgraph-specWorkflow/cleanup-failure-probe-test-graph/build-logic/src/main/kotlin/com/hayden/testgraphsdk/exec/Executors.kt:107	out-of-scope	ticket_plan.yaml:648-658	none mapped	unrepresented	out_of_scope_lexical_inventory		INFERRED exact-path scope; source not read
30	lexical hit not semantically classified: Thread.currentThread().interrupt();	specs/.history/modular-fuzzing-epic/ticket-003-MF-011/results/testgraph-specWorkflow/cleanup-failure-probe-test-graph/sdk/java/src/main/java/com/hayden/testgraphsdk/sdk/Procs.java:87	out-of-scope	ticket_plan.yaml:648-658	none mapped	unrepresented	out_of_scope_lexical_inventory		INFERRED exact-path scope; source not read
31	lexical hit not semantically classified: import java.util.concurrent.TimeUnit	specs/.history/modular-fuzzing-epic/ticket-003-MF-011/ticket/results/testgraph-specWorkflow/cleanup-failure-probe-test-graph/build-logic/src/main/kotlin/com/hayden/testgraphsdk/Toolchain.kt:5	out-of-scope	ticket_plan.yaml:648-658	none mapped	unrepresented	out_of_scope_lexical_inventory		INFERRED exact-path scope; source not read
32	lexical hit not semantically classified: import java.util.concurrent.TimeUnit	specs/.history/modular-fuzzing-epic/ticket-003-MF-011/ticket/results/testgraph-specWorkflow/cleanup-failure-probe-test-graph/build-logic/src/main/kotlin/com/hayden/testgraphsdk/exec/Executors.kt:7	out-of-scope	ticket_plan.yaml:648-658	none mapped	unrepresented	out_of_scope_lexical_inventory		INFERRED exact-path scope; source not read
33	lexical hit not semantically classified: // briefly but won't block this thread further — waitFor returns	specs/.history/modular-fuzzing-epic/ticket-003-MF-011/ticket/results/testgraph-specWorkflow/cleanup-failure-probe-test-graph/build-logic/src/main/kotlin/com/hayden/testgraphsdk/exec/Executors.kt:107	out-of-scope	ticket_plan.yaml:648-658	none mapped	unrepresented	out_of_scope_lexical_inventory		INFERRED exact-path scope; source not read
34	lexical hit not semantically classified: Thread.currentThread().interrupt();	specs/.history/modular-fuzzing-epic/ticket-003-MF-011/ticket/results/testgraph-specWorkflow/cleanup-failure-probe-test-graph/sdk/java/src/main/java/com/hayden/testgraphsdk/sdk/Procs.java:87	out-of-scope	ticket_plan.yaml:648-658	none mapped	unrepresented	out_of_scope_lexical_inventory		INFERRED exact-path scope; source not read
35	lexical hit not semantically classified: import java.util.concurrent.TimeUnit	specs/.history/modular-fuzzing-epic/ticket-005-MF-014/results/graph-specWorkflow/cleanup-failure-probe-test-graph/build-logic/src/main/kotlin/com/hayden/testgraphsdk/Toolchain.kt:5	out-of-scope	ticket_plan.yaml:648-658	none mapped	unrepresented	out_of_scope_lexical_inventory		INFERRED exact-path scope; source not read
36	lexical hit not semantically classified: import java.util.concurrent.TimeUnit	specs/.history/modular-fuzzing-epic/ticket-005-MF-014/results/graph-specWorkflow/cleanup-failure-probe-test-graph/build-logic/src/main/kotlin/com/hayden/testgraphsdk/exec/Executors.kt:7	out-of-scope	ticket_plan.yaml:648-658	none mapped	unrepresented	out_of_scope_lexical_inventory		INFERRED exact-path scope; source not read
37	lexical hit not semantically classified: // briefly but won't block this thread further — waitFor returns	specs/.history/modular-fuzzing-epic/ticket-005-MF-014/results/graph-specWorkflow/cleanup-failure-probe-test-graph/build-logic/src/main/kotlin/com/hayden/testgraphsdk/exec/Executors.kt:107	out-of-scope	ticket_plan.yaml:648-658	none mapped	unrepresented	out_of_scope_lexical_inventory		INFERRED exact-path scope; source not read
38	lexical hit not semantically classified: Thread.currentThread().interrupt();	specs/.history/modular-fuzzing-epic/ticket-005-MF-014/results/graph-specWorkflow/cleanup-failure-probe-test-graph/sdk/java/src/main/java/com/hayden/testgraphsdk/sdk/Procs.java:87	out-of-scope	ticket_plan.yaml:648-658	none mapped	unrepresented	out_of_scope_lexical_inventory		INFERRED exact-path scope; source not read
39	lexical hit not semantically classified: import java.util.concurrent.TimeUnit	specs/.history/modular-fuzzing-epic/ticket-005-MF-014/ticket/results/graph-specWorkflow/cleanup-failure-probe-test-graph/build-logic/src/main/kotlin/com/hayden/testgraphsdk/Toolchain.kt:5	out-of-scope	ticket_plan.yaml:648-658	none mapped	unrepresented	out_of_scope_lexical_inventory		INFERRED exact-path scope; source not read
40	lexical hit not semantically classified: import java.util.concurrent.TimeUnit	specs/.history/modular-fuzzing-epic/ticket-005-MF-014/ticket/results/graph-specWorkflow/cleanup-failure-probe-test-graph/build-logic/src/main/kotlin/com/hayden/testgraphsdk/exec/Executors.kt:7	out-of-scope	ticket_plan.yaml:648-658	none mapped	unrepresented	out_of_scope_lexical_inventory		INFERRED exact-path scope; source not read
41	lexical hit not semantically classified: // briefly but won't block this thread further — waitFor returns	specs/.history/modular-fuzzing-epic/ticket-005-MF-014/ticket/results/graph-specWorkflow/cleanup-failure-probe-test-graph/build-logic/src/main/kotlin/com/hayden/testgraphsdk/exec/Executors.kt:107	out-of-scope	ticket_plan.yaml:648-658	none mapped	unrepresented	out_of_scope_lexical_inventory		INFERRED exact-path scope; source not read
42	lexical hit not semantically classified: Thread.currentThread().interrupt();	specs/.history/modular-fuzzing-epic/ticket-005-MF-014/ticket/results/graph-specWorkflow/cleanup-failure-probe-test-graph/sdk/java/src/main/java/com/hayden/testgraphsdk/sdk/Procs.java:87	out-of-scope	ticket_plan.yaml:648-658	none mapped	unrepresented	out_of_scope_lexical_inventory		INFERRED exact-path scope; source not read
43	lexical hit not semantically classified: import java.util.concurrent.TimeUnit	specs/.history/modular-fuzzing-epic/ticket-006-MF-013/results/specWorkflow-report-post-promotion/cleanup-failure-probe-test-graph/build-logic/src/main/kotlin/com/hayden/testgraphsdk/Toolchain.kt:5	out-of-scope	ticket_plan.yaml:648-658	none mapped	unrepresented	out_of_scope_lexical_inventory		INFERRED exact-path scope; source not read
44	lexical hit not semantically classified: import java.util.concurrent.TimeUnit	specs/.history/modular-fuzzing-epic/ticket-006-MF-013/results/specWorkflow-report-post-promotion/cleanup-failure-probe-test-graph/build-logic/src/main/kotlin/com/hayden/testgraphsdk/exec/Executors.kt:7	out-of-scope	ticket_plan.yaml:648-658	none mapped	unrepresented	out_of_scope_lexical_inventory		INFERRED exact-path scope; source not read
45	lexical hit not semantically classified: // briefly but won't block this thread further — waitFor returns	specs/.history/modular-fuzzing-epic/ticket-006-MF-013/results/specWorkflow-report-post-promotion/cleanup-failure-probe-test-graph/build-logic/src/main/kotlin/com/hayden/testgraphsdk/exec/Executors.kt:107	out-of-scope	ticket_plan.yaml:648-658	none mapped	unrepresented	out_of_scope_lexical_inventory		INFERRED exact-path scope; source not read
46	lexical hit not semantically classified: Thread.currentThread().interrupt();	specs/.history/modular-fuzzing-epic/ticket-006-MF-013/results/specWorkflow-report-post-promotion/cleanup-failure-probe-test-graph/sdk/java/src/main/java/com/hayden/testgraphsdk/sdk/Procs.java:87	out-of-scope	ticket_plan.yaml:648-658	none mapped	unrepresented	out_of_scope_lexical_inventory		INFERRED exact-path scope; source not read
47	lexical hit not semantically classified: import java.util.concurrent.TimeUnit	specs/.history/modular-fuzzing-epic/ticket-006-MF-013/results/specWorkflow-report/cleanup-failure-probe-test-graph/build-logic/src/main/kotlin/com/hayden/testgraphsdk/Toolchain.kt:5	out-of-scope	ticket_plan.yaml:648-658	none mapped	unrepresented	out_of_scope_lexical_inventory		INFERRED exact-path scope; source not read
48	lexical hit not semantically classified: import java.util.concurrent.TimeUnit	specs/.history/modular-fuzzing-epic/ticket-006-MF-013/results/specWorkflow-report/cleanup-failure-probe-test-graph/build-logic/src/main/kotlin/com/hayden/testgraphsdk/exec/Executors.kt:7	out-of-scope	ticket_plan.yaml:648-658	none mapped	unrepresented	out_of_scope_lexical_inventory		INFERRED exact-path scope; source not read
49	lexical hit not semantically classified: // briefly but won't block this thread further — waitFor returns	specs/.history/modular-fuzzing-epic/ticket-006-MF-013/results/specWorkflow-report/cleanup-failure-probe-test-graph/build-logic/src/main/kotlin/com/hayden/testgraphsdk/exec/Executors.kt:107	out-of-scope	ticket_plan.yaml:648-658	none mapped	unrepresented	out_of_scope_lexical_inventory		INFERRED exact-path scope; source not read
50	lexical hit not semantically classified: Thread.currentThread().interrupt();	specs/.history/modular-fuzzing-epic/ticket-006-MF-013/results/specWorkflow-report/cleanup-failure-probe-test-graph/sdk/java/src/main/java/com/hayden/testgraphsdk/sdk/Procs.java:87	out-of-scope	ticket_plan.yaml:648-658	none mapped	unrepresented	out_of_scope_lexical_inventory		INFERRED exact-path scope; source not read
51	lexical hit not semantically classified: import java.util.concurrent.TimeUnit	specs/.history/modular-fuzzing-epic/ticket-006-MF-013/ticket/results/specWorkflow-report/cleanup-failure-probe-test-graph/build-logic/src/main/kotlin/com/hayden/testgraphsdk/Toolchain.kt:5	out-of-scope	ticket_plan.yaml:648-658	none mapped	unrepresented	out_of_scope_lexical_inventory		INFERRED exact-path scope; source not read
52	lexical hit not semantically classified: import java.util.concurrent.TimeUnit	specs/.history/modular-fuzzing-epic/ticket-006-MF-013/ticket/results/specWorkflow-report/cleanup-failure-probe-test-graph/build-logic/src/main/kotlin/com/hayden/testgraphsdk/exec/Executors.kt:7	out-of-scope	ticket_plan.yaml:648-658	none mapped	unrepresented	out_of_scope_lexical_inventory		INFERRED exact-path scope; source not read
53	lexical hit not semantically classified: // briefly but won't block this thread further — waitFor returns	specs/.history/modular-fuzzing-epic/ticket-006-MF-013/ticket/results/specWorkflow-report/cleanup-failure-probe-test-graph/build-logic/src/main/kotlin/com/hayden/testgraphsdk/exec/Executors.kt:107	out-of-scope	ticket_plan.yaml:648-658	none mapped	unrepresented	out_of_scope_lexical_inventory		INFERRED exact-path scope; source not read
54	lexical hit not semantically classified: Thread.currentThread().interrupt();	specs/.history/modular-fuzzing-epic/ticket-006-MF-013/ticket/results/specWorkflow-report/cleanup-failure-probe-test-graph/sdk/java/src/main/java/com/hayden/testgraphsdk/sdk/Procs.java:87	out-of-scope	ticket_plan.yaml:648-658	none mapped	unrepresented	out_of_scope_lexical_inventory		INFERRED exact-path scope; source not read
55	lexical hit not semantically classified: import java.util.concurrent.TimeUnit	specs/.history/modular-fuzzing-epic/ticket-007-MF-025/results/testgraph-specWorkflow/cleanup-failure-probe-test-graph/build-logic/src/main/kotlin/com/hayden/testgraphsdk/Toolchain.kt:5	out-of-scope	ticket_plan.yaml:648-658	none mapped	unrepresented	out_of_scope_lexical_inventory		INFERRED exact-path scope; source not read
56	lexical hit not semantically classified: import java.util.concurrent.TimeUnit	specs/.history/modular-fuzzing-epic/ticket-007-MF-025/results/testgraph-specWorkflow/cleanup-failure-probe-test-graph/build-logic/src/main/kotlin/com/hayden/testgraphsdk/exec/Executors.kt:7	out-of-scope	ticket_plan.yaml:648-658	none mapped	unrepresented	out_of_scope_lexical_inventory		INFERRED exact-path scope; source not read
57	lexical hit not semantically classified: // briefly but won't block this thread further — waitFor returns	specs/.history/modular-fuzzing-epic/ticket-007-MF-025/results/testgraph-specWorkflow/cleanup-failure-probe-test-graph/build-logic/src/main/kotlin/com/hayden/testgraphsdk/exec/Executors.kt:107	out-of-scope	ticket_plan.yaml:648-658	none mapped	unrepresented	out_of_scope_lexical_inventory		INFERRED exact-path scope; source not read
58	lexical hit not semantically classified: Thread.currentThread().interrupt();	specs/.history/modular-fuzzing-epic/ticket-007-MF-025/results/testgraph-specWorkflow/cleanup-failure-probe-test-graph/sdk/java/src/main/java/com/hayden/testgraphsdk/sdk/Procs.java:87	out-of-scope	ticket_plan.yaml:648-658	none mapped	unrepresented	out_of_scope_lexical_inventory		INFERRED exact-path scope; source not read
59	lexical hit not semantically classified: import java.util.concurrent.TimeUnit	specs/.history/modular-fuzzing-epic/ticket-007-MF-025/ticket/results/testgraph-specWorkflow/cleanup-failure-probe-test-graph/build-logic/src/main/kotlin/com/hayden/testgraphsdk/Toolchain.kt:5	out-of-scope	ticket_plan.yaml:648-658	none mapped	unrepresented	out_of_scope_lexical_inventory		INFERRED exact-path scope; source not read
60	lexical hit not semantically classified: import java.util.concurrent.TimeUnit	specs/.history/modular-fuzzing-epic/ticket-007-MF-025/ticket/results/testgraph-specWorkflow/cleanup-failure-probe-test-graph/build-logic/src/main/kotlin/com/hayden/testgraphsdk/exec/Executors.kt:7	out-of-scope	ticket_plan.yaml:648-658	none mapped	unrepresented	out_of_scope_lexical_inventory		INFERRED exact-path scope; source not read
61	lexical hit not semantically classified: // briefly but won't block this thread further — waitFor returns	specs/.history/modular-fuzzing-epic/ticket-007-MF-025/ticket/results/testgraph-specWorkflow/cleanup-failure-probe-test-graph/build-logic/src/main/kotlin/com/hayden/testgraphsdk/exec/Executors.kt:107	out-of-scope	ticket_plan.yaml:648-658	none mapped	unrepresented	out_of_scope_lexical_inventory		INFERRED exact-path scope; source not read
62	lexical hit not semantically classified: Thread.currentThread().interrupt();	specs/.history/modular-fuzzing-epic/ticket-007-MF-025/ticket/results/testgraph-specWorkflow/cleanup-failure-probe-test-graph/sdk/java/src/main/java/com/hayden/testgraphsdk/sdk/Procs.java:87	out-of-scope	ticket_plan.yaml:648-658	none mapped	unrepresented	out_of_scope_lexical_inventory		INFERRED exact-path scope; source not read
63	lexical hit not semantically classified: import java.util.concurrent.TimeUnit	specs/.history/modular-fuzzing-epic/ticket-008-MF-015/results/testgraph-specWorkflow/cleanup-failure-probe-test-graph/build-logic/src/main/kotlin/com/hayden/testgraphsdk/Toolchain.kt:5	out-of-scope	ticket_plan.yaml:648-658	none mapped	unrepresented	out_of_scope_lexical_inventory		INFERRED exact-path scope; source not read
64	lexical hit not semantically classified: import java.util.concurrent.TimeUnit	specs/.history/modular-fuzzing-epic/ticket-008-MF-015/results/testgraph-specWorkflow/cleanup-failure-probe-test-graph/build-logic/src/main/kotlin/com/hayden/testgraphsdk/exec/Executors.kt:7	out-of-scope	ticket_plan.yaml:648-658	none mapped	unrepresented	out_of_scope_lexical_inventory		INFERRED exact-path scope; source not read
65	lexical hit not semantically classified: // briefly but won't block this thread further — waitFor returns	specs/.history/modular-fuzzing-epic/ticket-008-MF-015/results/testgraph-specWorkflow/cleanup-failure-probe-test-graph/build-logic/src/main/kotlin/com/hayden/testgraphsdk/exec/Executors.kt:107	out-of-scope	ticket_plan.yaml:648-658	none mapped	unrepresented	out_of_scope_lexical_inventory		INFERRED exact-path scope; source not read
66	lexical hit not semantically classified: Thread.currentThread().interrupt();	specs/.history/modular-fuzzing-epic/ticket-008-MF-015/results/testgraph-specWorkflow/cleanup-failure-probe-test-graph/sdk/java/src/main/java/com/hayden/testgraphsdk/sdk/Procs.java:87	out-of-scope	ticket_plan.yaml:648-658	none mapped	unrepresented	out_of_scope_lexical_inventory		INFERRED exact-path scope; source not read
67	lexical hit not semantically classified: import java.util.concurrent.TimeUnit	specs/.history/modular-fuzzing-epic/ticket-008-MF-015/ticket/results/testgraph-specWorkflow/cleanup-failure-probe-test-graph/build-logic/src/main/kotlin/com/hayden/testgraphsdk/Toolchain.kt:5	out-of-scope	ticket_plan.yaml:648-658	none mapped	unrepresented	out_of_scope_lexical_inventory		INFERRED exact-path scope; source not read
68	lexical hit not semantically classified: import java.util.concurrent.TimeUnit	specs/.history/modular-fuzzing-epic/ticket-008-MF-015/ticket/results/testgraph-specWorkflow/cleanup-failure-probe-test-graph/build-logic/src/main/kotlin/com/hayden/testgraphsdk/exec/Executors.kt:7	out-of-scope	ticket_plan.yaml:648-658	none mapped	unrepresented	out_of_scope_lexical_inventory		INFERRED exact-path scope; source not read
69	lexical hit not semantically classified: // briefly but won't block this thread further — waitFor returns	specs/.history/modular-fuzzing-epic/ticket-008-MF-015/ticket/results/testgraph-specWorkflow/cleanup-failure-probe-test-graph/build-logic/src/main/kotlin/com/hayden/testgraphsdk/exec/Executors.kt:107	out-of-scope	ticket_plan.yaml:648-658	none mapped	unrepresented	out_of_scope_lexical_inventory		INFERRED exact-path scope; source not read
70	lexical hit not semantically classified: Thread.currentThread().interrupt();	specs/.history/modular-fuzzing-epic/ticket-008-MF-015/ticket/results/testgraph-specWorkflow/cleanup-failure-probe-test-graph/sdk/java/src/main/java/com/hayden/testgraphsdk/sdk/Procs.java:87	out-of-scope	ticket_plan.yaml:648-658	none mapped	unrepresented	out_of_scope_lexical_inventory		INFERRED exact-path scope; source not read
71	lexical hit not semantically classified: import java.util.concurrent.TimeUnit	specs/.history/modular-fuzzing-epic/ticket-009-MF-017/ticket/results/graph-reports/specWorkflow-20260718-213733-cd7fff06/cleanup-failure-probe-test-graph/build-logic/src/main/kotlin/com/hayden/testgraphsdk/Toolchain.kt:5	out-of-scope	ticket_plan.yaml:648-658	none mapped	unrepresented	out_of_scope_lexical_inventory		INFERRED exact-path scope; source not read
72	lexical hit not semantically classified: import java.util.concurrent.TimeUnit	specs/.history/modular-fuzzing-epic/ticket-009-MF-017/ticket/results/graph-reports/specWorkflow-20260718-213733-cd7fff06/cleanup-failure-probe-test-graph/build-logic/src/main/kotlin/com/hayden/testgraphsdk/exec/Executors.kt:7	out-of-scope	ticket_plan.yaml:648-658	none mapped	unrepresented	out_of_scope_lexical_inventory		INFERRED exact-path scope; source not read
73	lexical hit not semantically classified: // briefly but won't block this thread further — waitFor returns	specs/.history/modular-fuzzing-epic/ticket-009-MF-017/ticket/results/graph-reports/specWorkflow-20260718-213733-cd7fff06/cleanup-failure-probe-test-graph/build-logic/src/main/kotlin/com/hayden/testgraphsdk/exec/Executors.kt:107	out-of-scope	ticket_plan.yaml:648-658	none mapped	unrepresented	out_of_scope_lexical_inventory		INFERRED exact-path scope; source not read
74	lexical hit not semantically classified: Thread.currentThread().interrupt();	specs/.history/modular-fuzzing-epic/ticket-009-MF-017/ticket/results/graph-reports/specWorkflow-20260718-213733-cd7fff06/cleanup-failure-probe-test-graph/sdk/java/src/main/java/com/hayden/testgraphsdk/sdk/Procs.java:87	out-of-scope	ticket_plan.yaml:648-658	none mapped	unrepresented	out_of_scope_lexical_inventory		INFERRED exact-path scope; source not read
75	lexical hit not semantically classified: import java.util.concurrent.TimeUnit	specs/.history/modular-fuzzing-epic/ticket-009-MF-027/ticket/results/graph-reports/specWorkflow-20260719-194428-2cebfb33/cleanup-failure-probe-test-graph/build-logic/src/main/kotlin/com/hayden/testgraphsdk/Toolchain.kt:5	out-of-scope	ticket_plan.yaml:648-658	none mapped	unrepresented	out_of_scope_lexical_inventory		INFERRED exact-path scope; source not read
76	lexical hit not semantically classified: import java.util.concurrent.TimeUnit	specs/.history/modular-fuzzing-epic/ticket-009-MF-027/ticket/results/graph-reports/specWorkflow-20260719-194428-2cebfb33/cleanup-failure-probe-test-graph/build-logic/src/main/kotlin/com/hayden/testgraphsdk/exec/Executors.kt:7	out-of-scope	ticket_plan.yaml:648-658	none mapped	unrepresented	out_of_scope_lexical_inventory		INFERRED exact-path scope; source not read
77	lexical hit not semantically classified: // briefly but won't block this thread further — waitFor returns	specs/.history/modular-fuzzing-epic/ticket-009-MF-027/ticket/results/graph-reports/specWorkflow-20260719-194428-2cebfb33/cleanup-failure-probe-test-graph/build-logic/src/main/kotlin/com/hayden/testgraphsdk/exec/Executors.kt:107	out-of-scope	ticket_plan.yaml:648-658	none mapped	unrepresented	out_of_scope_lexical_inventory		INFERRED exact-path scope; source not read
78	lexical hit not semantically classified: Thread.currentThread().interrupt();	specs/.history/modular-fuzzing-epic/ticket-009-MF-027/ticket/results/graph-reports/specWorkflow-20260719-194428-2cebfb33/cleanup-failure-probe-test-graph/sdk/java/src/main/java/com/hayden/testgraphsdk/sdk/Procs.java:87	out-of-scope	ticket_plan.yaml:648-658	none mapped	unrepresented	out_of_scope_lexical_inventory		INFERRED exact-path scope; source not read
79	lexical hit not semantically classified: import java.util.concurrent.TimeUnit	specs/.history/modular-fuzzing-epic/ticket-013-MF-026/results/testgraph/specWorkflow/cleanup-failure-probe-test-graph/build-logic/src/main/kotlin/com/hayden/testgraphsdk/Toolchain.kt:5	out-of-scope	ticket_plan.yaml:648-658	none mapped	unrepresented	out_of_scope_lexical_inventory		INFERRED exact-path scope; source not read
80	lexical hit not semantically classified: import java.util.concurrent.TimeUnit	specs/.history/modular-fuzzing-epic/ticket-013-MF-026/results/testgraph/specWorkflow/cleanup-failure-probe-test-graph/build-logic/src/main/kotlin/com/hayden/testgraphsdk/exec/Executors.kt:7	out-of-scope	ticket_plan.yaml:648-658	none mapped	unrepresented	out_of_scope_lexical_inventory		INFERRED exact-path scope; source not read
81	lexical hit not semantically classified: // briefly but won't block this thread further — waitFor returns	specs/.history/modular-fuzzing-epic/ticket-013-MF-026/results/testgraph/specWorkflow/cleanup-failure-probe-test-graph/build-logic/src/main/kotlin/com/hayden/testgraphsdk/exec/Executors.kt:107	out-of-scope	ticket_plan.yaml:648-658	none mapped	unrepresented	out_of_scope_lexical_inventory		INFERRED exact-path scope; source not read
82	lexical hit not semantically classified: Thread.currentThread().interrupt();	specs/.history/modular-fuzzing-epic/ticket-013-MF-026/results/testgraph/specWorkflow/cleanup-failure-probe-test-graph/sdk/java/src/main/java/com/hayden/testgraphsdk/sdk/Procs.java:87	out-of-scope	ticket_plan.yaml:648-658	none mapped	unrepresented	out_of_scope_lexical_inventory		INFERRED exact-path scope; source not read
83	lexical hit not semantically classified: import java.util.concurrent.TimeUnit	specs/.history/modular-fuzzing-epic/ticket-013-MF-026/ticket/results/testgraph/specWorkflow/cleanup-failure-probe-test-graph/build-logic/src/main/kotlin/com/hayden/testgraphsdk/Toolchain.kt:5	out-of-scope	ticket_plan.yaml:648-658	none mapped	unrepresented	out_of_scope_lexical_inventory		INFERRED exact-path scope; source not read
84	lexical hit not semantically classified: import java.util.concurrent.TimeUnit	specs/.history/modular-fuzzing-epic/ticket-013-MF-026/ticket/results/testgraph/specWorkflow/cleanup-failure-probe-test-graph/build-logic/src/main/kotlin/com/hayden/testgraphsdk/exec/Executors.kt:7	out-of-scope	ticket_plan.yaml:648-658	none mapped	unrepresented	out_of_scope_lexical_inventory		INFERRED exact-path scope; source not read
85	lexical hit not semantically classified: // briefly but won't block this thread further — waitFor returns	specs/.history/modular-fuzzing-epic/ticket-013-MF-026/ticket/results/testgraph/specWorkflow/cleanup-failure-probe-test-graph/build-logic/src/main/kotlin/com/hayden/testgraphsdk/exec/Executors.kt:107	out-of-scope	ticket_plan.yaml:648-658	none mapped	unrepresented	out_of_scope_lexical_inventory		INFERRED exact-path scope; source not read
86	lexical hit not semantically classified: Thread.currentThread().interrupt();	specs/.history/modular-fuzzing-epic/ticket-013-MF-026/ticket/results/testgraph/specWorkflow/cleanup-failure-probe-test-graph/sdk/java/src/main/java/com/hayden/testgraphsdk/sdk/Procs.java:87	out-of-scope	ticket_plan.yaml:648-658	none mapped	unrepresented	out_of_scope_lexical_inventory		INFERRED exact-path scope; source not read
87	lexical hit not semantically classified: import java.util.concurrent.TimeUnit	specs/tickets/MF-027/results/graph-reports/specWorkflow-20260719-194428-2cebfb33/cleanup-failure-probe-test-graph/build-logic/src/main/kotlin/com/hayden/testgraphsdk/Toolchain.kt:5	out-of-scope	ticket_plan.yaml:648-658	none mapped	unrepresented	out_of_scope_lexical_inventory		INFERRED exact-path scope; source not read
88	lexical hit not semantically classified: import java.util.concurrent.TimeUnit	specs/tickets/MF-027/results/graph-reports/specWorkflow-20260719-194428-2cebfb33/cleanup-failure-probe-test-graph/build-logic/src/main/kotlin/com/hayden/testgraphsdk/exec/Executors.kt:7	out-of-scope	ticket_plan.yaml:648-658	none mapped	unrepresented	out_of_scope_lexical_inventory		INFERRED exact-path scope; source not read
89	lexical hit not semantically classified: // briefly but won't block this thread further — waitFor returns	specs/tickets/MF-027/results/graph-reports/specWorkflow-20260719-194428-2cebfb33/cleanup-failure-probe-test-graph/build-logic/src/main/kotlin/com/hayden/testgraphsdk/exec/Executors.kt:107	out-of-scope	ticket_plan.yaml:648-658	none mapped	unrepresented	out_of_scope_lexical_inventory		INFERRED exact-path scope; source not read
90	lexical hit not semantically classified: Thread.currentThread().interrupt();	specs/tickets/MF-027/results/graph-reports/specWorkflow-20260719-194428-2cebfb33/cleanup-failure-probe-test-graph/sdk/java/src/main/java/com/hayden/testgraphsdk/sdk/Procs.java:87	out-of-scope	ticket_plan.yaml:648-658	none mapped	unrepresented	out_of_scope_lexical_inventory		INFERRED exact-path scope; source not read
91	lexical hit not semantically classified: import java.util.concurrent.TimeUnit	specs/tickets/MF-027/results/graph-reports/specWorkflow-20260719-195414-d28e3b52/cleanup-failure-probe-test-graph/build-logic/src/main/kotlin/com/hayden/testgraphsdk/Toolchain.kt:5	out-of-scope	ticket_plan.yaml:648-658	none mapped	unrepresented	out_of_scope_lexical_inventory		INFERRED exact-path scope; source not read
92	lexical hit not semantically classified: import java.util.concurrent.TimeUnit	specs/tickets/MF-027/results/graph-reports/specWorkflow-20260719-195414-d28e3b52/cleanup-failure-probe-test-graph/build-logic/src/main/kotlin/com/hayden/testgraphsdk/exec/Executors.kt:7	out-of-scope	ticket_plan.yaml:648-658	none mapped	unrepresented	out_of_scope_lexical_inventory		INFERRED exact-path scope; source not read
93	lexical hit not semantically classified: // briefly but won't block this thread further — waitFor returns	specs/tickets/MF-027/results/graph-reports/specWorkflow-20260719-195414-d28e3b52/cleanup-failure-probe-test-graph/build-logic/src/main/kotlin/com/hayden/testgraphsdk/exec/Executors.kt:107	out-of-scope	ticket_plan.yaml:648-658	none mapped	unrepresented	out_of_scope_lexical_inventory		INFERRED exact-path scope; source not read
94	lexical hit not semantically classified: Thread.currentThread().interrupt();	specs/tickets/MF-027/results/graph-reports/specWorkflow-20260719-195414-d28e3b52/cleanup-failure-probe-test-graph/sdk/java/src/main/java/com/hayden/testgraphsdk/sdk/Procs.java:87	out-of-scope	ticket_plan.yaml:648-658	none mapped	unrepresented	out_of_scope_lexical_inventory		INFERRED exact-path scope; source not read
95	lexical hit not semantically classified: import java.util.concurrent.TimeUnit	test_graph/build-logic/src/main/kotlin/com/hayden/testgraphsdk/Toolchain.kt:5	out-of-scope	ticket_plan.yaml:648-658	none mapped	unrepresented	out_of_scope_lexical_inventory		INFERRED exact-path scope; source not read
96	lexical hit not semantically classified: import java.util.concurrent.TimeUnit	test_graph/build-logic/src/main/kotlin/com/hayden/testgraphsdk/exec/Executors.kt:7	out-of-scope	ticket_plan.yaml:648-658	none mapped	unrepresented	out_of_scope_lexical_inventory		INFERRED exact-path scope; source not read
97	lexical hit not semantically classified: // briefly but won't block this thread further — waitFor returns	test_graph/build-logic/src/main/kotlin/com/hayden/testgraphsdk/exec/Executors.kt:107	out-of-scope	ticket_plan.yaml:648-658	none mapped	unrepresented	out_of_scope_lexical_inventory		INFERRED exact-path scope; source not read
98	lexical hit not semantically classified: Thread.currentThread().interrupt();	test_graph/sdk/java/src/main/java/com/hayden/testgraphsdk/sdk/Procs.java:87	out-of-scope	ticket_plan.yaml:648-658	none mapped	unrepresented	out_of_scope_lexical_inventory		INFERRED exact-path scope; source not read
99	"lexical hit not semantically classified: written = scaffold(tmp_path, ""AUTH-123"", ""Add account lock"", force=False, dry_run=False)"	tests/test_new_ticket_workflow.py:74	out-of-scope	ticket_plan.yaml:648-658	none mapped	unrepresented	out_of_scope_lexical_inventory		INFERRED exact-path scope; source not read
