#	Site	Effect performed	In/Out	Plan line	Declared port	Verdict	Classification	Disposition gap ID	Review basis
1	examples/distributed_history/test_graph/build-logic/src/main/kotlin/com/hayden/testgraphsdk/tasks/RunTestGraphTask.kt:23	"lexical hit not semantically classified: return ""${safeGraphName}-${fmt.format(Instant.now())}-${UUID.randomUUID().toString().take(8)}"""	out-of-scope	ticket_plan.yaml:648-658	none mapped	undeclared	out_of_scope_lexical_inventory		INFERRED exact-path scope; source not read
2	examples/effect_providers/atomic_publisher/providers.py:6	lexical hit not semantically classified: import random	out-of-scope	ticket_plan.yaml:648-658	none mapped	undeclared	out_of_scope_lexical_inventory		INFERRED exact-path scope; source not read
3	examples/effect_providers/atomic_publisher/providers.py:40	lexical hit not semantically classified: self.rng = random.Random(context.derived_seed)	out-of-scope	ticket_plan.yaml:648-658	none mapped	undeclared	out_of_scope_lexical_inventory		INFERRED exact-path scope; source not read
4	examples/effect_providers/atomic_publisher/providers.py:41	lexical hit not semantically classified: component = self.rng.choice(	out-of-scope	ticket_plan.yaml:648-658	none mapped	undeclared	out_of_scope_lexical_inventory		INFERRED exact-path scope; source not read
5	examples/effect_providers/atomic_publisher/providers.py:48	lexical hit not semantically classified: self.record_id = self.rng.choice(	out-of-scope	ticket_plan.yaml:648-658	none mapped	undeclared	out_of_scope_lexical_inventory		INFERRED exact-path scope; source not read
6	examples/effect_providers/atomic_publisher/providers.py:51	lexical hit not semantically classified: self.old_payload = self.rng.choice(	out-of-scope	ticket_plan.yaml:648-658	none mapped	undeclared	out_of_scope_lexical_inventory		INFERRED exact-path scope; source not read
7	examples/effect_providers/atomic_publisher/providers.py:54	lexical hit not semantically classified: self.new_payload = self.rng.choice(	out-of-scope	ticket_plan.yaml:648-658	none mapped	undeclared	out_of_scope_lexical_inventory		INFERRED exact-path scope; source not read
8	examples/effect_providers/atomic_publisher/providers.py:62	lexical hit not semantically classified: for index in self.rng.sample(range(20), k=3):	out-of-scope	ticket_plan.yaml:648-658	none mapped	undeclared	out_of_scope_lexical_inventory		INFERRED exact-path scope; source not read
9	examples/effect_providers/atomic_publisher/providers.py:191	"lexical hit not semantically classified: ""choice"": {"	out-of-scope	ticket_plan.yaml:648-658	none mapped	undeclared	out_of_scope_lexical_inventory		INFERRED exact-path scope; source not read
10	examples/effect_providers/atomic_publisher/providers.py:243	"lexical hit not semantically classified: ""choice"": self.representative | {"	out-of-scope	ticket_plan.yaml:648-658	none mapped	undeclared	out_of_scope_lexical_inventory		INFERRED exact-path scope; source not read
11	examples/effect_providers/atomic_publisher/providers.py:276	lexical hit not semantically classified: self.read_error = self.rng.choice(	out-of-scope	ticket_plan.yaml:648-658	none mapped	undeclared	out_of_scope_lexical_inventory		INFERRED exact-path scope; source not read
12	examples/effect_providers/atomic_publisher/providers.py:280	lexical hit not semantically classified: self.write_error = self.rng.choice(	out-of-scope	ticket_plan.yaml:648-658	none mapped	undeclared	out_of_scope_lexical_inventory		INFERRED exact-path scope; source not read
13	examples/effect_providers/atomic_publisher/providers.py:284	lexical hit not semantically classified: self.replace_error = self.rng.choice(	out-of-scope	ticket_plan.yaml:648-658	none mapped	undeclared	out_of_scope_lexical_inventory		INFERRED exact-path scope; source not read
14	examples/effect_providers/atomic_publisher/run_experiment.py:429	"lexical hit not semantically classified: ""choice"": point[""choice""],"	out-of-scope	ticket_plan.yaml:648-658	none mapped	undeclared	out_of_scope_lexical_inventory		INFERRED exact-path scope; source not read
15	examples/effect_providers/legacy_payment_http/payment_effects/provider.py:11	lexical hit not semantically classified: import random	out-of-scope	ticket_plan.yaml:648-658	none mapped	undeclared	out_of_scope_lexical_inventory		INFERRED exact-path scope; source not read
16	examples/effect_providers/legacy_payment_http/payment_effects/provider.py:72	lexical hit not semantically classified: rng = random.Random(context.derived_seed)	out-of-scope	ticket_plan.yaml:648-658	none mapped	undeclared	out_of_scope_lexical_inventory		INFERRED exact-path scope; source not read
17	examples/effect_providers/legacy_payment_http/payment_effects/provider.py:73	lexical hit not semantically classified: self.transient_status = rng.choice([502, 503, 504])	out-of-scope	ticket_plan.yaml:648-658	none mapped	undeclared	out_of_scope_lexical_inventory		INFERRED exact-path scope; source not read
18	examples/effect_providers/legacy_payment_http/payment_effects/provider.py:74	lexical hit not semantically classified: self.timeout_type = rng.choice([requests.ConnectTimeout, requests.ReadTimeout])	out-of-scope	ticket_plan.yaml:648-658	none mapped	undeclared	out_of_scope_lexical_inventory		INFERRED exact-path scope; source not read
19	examples/effect_providers/legacy_payment_http/payment_effects/provider.py:75	lexical hit not semantically classified: self.malformed_bytes = rng.choice(	out-of-scope	ticket_plan.yaml:648-658	none mapped	undeclared	out_of_scope_lexical_inventory		INFERRED exact-path scope; source not read
20	examples/effect_providers/legacy_payment_http/payment_effects/provider.py:78	lexical hit not semantically classified: self.header_name = rng.choice(	out-of-scope	ticket_plan.yaml:648-658	none mapped	undeclared	out_of_scope_lexical_inventory		INFERRED exact-path scope; source not read
21	examples/effect_providers/legacy_payment_http/payment_effects/provider.py:81	"lexical hit not semantically classified: self.layout = rng.choice([""compact"", ""spaced"", ""indented"", ""reversed""])"	out-of-scope	ticket_plan.yaml:648-658	none mapped	undeclared	out_of_scope_lexical_inventory		INFERRED exact-path scope; source not read
22	examples/effect_providers/reminder_worker/providers.py:10	lexical hit not semantically classified: import random	out-of-scope	ticket_plan.yaml:648-658	none mapped	undeclared	out_of_scope_lexical_inventory		INFERRED exact-path scope; source not read
23	examples/effect_providers/reminder_worker/providers.py:63	lexical hit not semantically classified: rng = random.Random(seed)	out-of-scope	ticket_plan.yaml:648-658	none mapped	undeclared	out_of_scope_lexical_inventory		INFERRED exact-path scope; source not read
24	scripts/kill_test.py:171	lexical hit not semantically classified: production source file. It is deliberately not a random AST perturbation:	out-of-scope	ticket_plan.yaml:648-658	none mapped	undeclared	out_of_scope_lexical_inventory		INFERRED exact-path scope; source not read
25	spec_double_compiler/effects.py:29	lexical hit not semantically classified: The first 128 digest bits are ample for project-local ``random.Random``.	out-of-scope	ticket_plan.yaml:648-658	none mapped	undeclared	out_of_scope_lexical_inventory		INFERRED exact-path scope; source not read
26	specs/.history/modular-fuzzing-epic/ticket-000-MF-012/results/specWorkflow-20260718-153853-c3144c6b/cleanup-failure-probe-test-graph/build-logic/src/main/kotlin/com/hayden/testgraphsdk/tasks/RunTestGraphTask.kt:23	"lexical hit not semantically classified: return ""${safeGraphName}-${fmt.format(Instant.now())}-${UUID.randomUUID().toString().take(8)}"""	out-of-scope	ticket_plan.yaml:648-658	none mapped	undeclared	out_of_scope_lexical_inventory		INFERRED exact-path scope; source not read
27	specs/.history/modular-fuzzing-epic/ticket-000-MF-012/ticket/results/graph-reports/specWorkflow-20260718-153853-c3144c6b/cleanup-failure-probe-test-graph/build-logic/src/main/kotlin/com/hayden/testgraphsdk/tasks/RunTestGraphTask.kt:23	"lexical hit not semantically classified: return ""${safeGraphName}-${fmt.format(Instant.now())}-${UUID.randomUUID().toString().take(8)}"""	out-of-scope	ticket_plan.yaml:648-658	none mapped	undeclared	out_of_scope_lexical_inventory		INFERRED exact-path scope; source not read
28	specs/.history/modular-fuzzing-epic/ticket-002-MF-021/ticket/results/testgraph-specWorkflow/cleanup-failure-probe-test-graph/build-logic/src/main/kotlin/com/hayden/testgraphsdk/tasks/RunTestGraphTask.kt:23	"lexical hit not semantically classified: return ""${safeGraphName}-${fmt.format(Instant.now())}-${UUID.randomUUID().toString().take(8)}"""	out-of-scope	ticket_plan.yaml:648-658	none mapped	undeclared	out_of_scope_lexical_inventory		INFERRED exact-path scope; source not read
29	specs/.history/modular-fuzzing-epic/ticket-003-MF-011/results/testgraph-specWorkflow/cleanup-failure-probe-test-graph/build-logic/src/main/kotlin/com/hayden/testgraphsdk/tasks/RunTestGraphTask.kt:23	"lexical hit not semantically classified: return ""${safeGraphName}-${fmt.format(Instant.now())}-${UUID.randomUUID().toString().take(8)}"""	out-of-scope	ticket_plan.yaml:648-658	none mapped	undeclared	out_of_scope_lexical_inventory		INFERRED exact-path scope; source not read
30	specs/.history/modular-fuzzing-epic/ticket-003-MF-011/ticket/results/testgraph-specWorkflow/cleanup-failure-probe-test-graph/build-logic/src/main/kotlin/com/hayden/testgraphsdk/tasks/RunTestGraphTask.kt:23	"lexical hit not semantically classified: return ""${safeGraphName}-${fmt.format(Instant.now())}-${UUID.randomUUID().toString().take(8)}"""	out-of-scope	ticket_plan.yaml:648-658	none mapped	undeclared	out_of_scope_lexical_inventory		INFERRED exact-path scope; source not read
31	specs/.history/modular-fuzzing-epic/ticket-005-MF-014/results/graph-specWorkflow/cleanup-failure-probe-test-graph/build-logic/src/main/kotlin/com/hayden/testgraphsdk/tasks/RunTestGraphTask.kt:23	"lexical hit not semantically classified: return ""${safeGraphName}-${fmt.format(Instant.now())}-${UUID.randomUUID().toString().take(8)}"""	out-of-scope	ticket_plan.yaml:648-658	none mapped	undeclared	out_of_scope_lexical_inventory		INFERRED exact-path scope; source not read
32	specs/.history/modular-fuzzing-epic/ticket-005-MF-014/ticket/results/graph-specWorkflow/cleanup-failure-probe-test-graph/build-logic/src/main/kotlin/com/hayden/testgraphsdk/tasks/RunTestGraphTask.kt:23	"lexical hit not semantically classified: return ""${safeGraphName}-${fmt.format(Instant.now())}-${UUID.randomUUID().toString().take(8)}"""	out-of-scope	ticket_plan.yaml:648-658	none mapped	undeclared	out_of_scope_lexical_inventory		INFERRED exact-path scope; source not read
33	specs/.history/modular-fuzzing-epic/ticket-006-MF-013/results/specWorkflow-report-post-promotion/cleanup-failure-probe-test-graph/build-logic/src/main/kotlin/com/hayden/testgraphsdk/tasks/RunTestGraphTask.kt:23	"lexical hit not semantically classified: return ""${safeGraphName}-${fmt.format(Instant.now())}-${UUID.randomUUID().toString().take(8)}"""	out-of-scope	ticket_plan.yaml:648-658	none mapped	undeclared	out_of_scope_lexical_inventory		INFERRED exact-path scope; source not read
34	specs/.history/modular-fuzzing-epic/ticket-006-MF-013/results/specWorkflow-report/cleanup-failure-probe-test-graph/build-logic/src/main/kotlin/com/hayden/testgraphsdk/tasks/RunTestGraphTask.kt:23	"lexical hit not semantically classified: return ""${safeGraphName}-${fmt.format(Instant.now())}-${UUID.randomUUID().toString().take(8)}"""	out-of-scope	ticket_plan.yaml:648-658	none mapped	undeclared	out_of_scope_lexical_inventory		INFERRED exact-path scope; source not read
35	specs/.history/modular-fuzzing-epic/ticket-006-MF-013/ticket/results/specWorkflow-report/cleanup-failure-probe-test-graph/build-logic/src/main/kotlin/com/hayden/testgraphsdk/tasks/RunTestGraphTask.kt:23	"lexical hit not semantically classified: return ""${safeGraphName}-${fmt.format(Instant.now())}-${UUID.randomUUID().toString().take(8)}"""	out-of-scope	ticket_plan.yaml:648-658	none mapped	undeclared	out_of_scope_lexical_inventory		INFERRED exact-path scope; source not read
36	specs/.history/modular-fuzzing-epic/ticket-007-MF-025/results/testgraph-specWorkflow/cleanup-failure-probe-test-graph/build-logic/src/main/kotlin/com/hayden/testgraphsdk/tasks/RunTestGraphTask.kt:23	"lexical hit not semantically classified: return ""${safeGraphName}-${fmt.format(Instant.now())}-${UUID.randomUUID().toString().take(8)}"""	out-of-scope	ticket_plan.yaml:648-658	none mapped	undeclared	out_of_scope_lexical_inventory		INFERRED exact-path scope; source not read
37	specs/.history/modular-fuzzing-epic/ticket-007-MF-025/ticket/results/testgraph-specWorkflow/cleanup-failure-probe-test-graph/build-logic/src/main/kotlin/com/hayden/testgraphsdk/tasks/RunTestGraphTask.kt:23	"lexical hit not semantically classified: return ""${safeGraphName}-${fmt.format(Instant.now())}-${UUID.randomUUID().toString().take(8)}"""	out-of-scope	ticket_plan.yaml:648-658	none mapped	undeclared	out_of_scope_lexical_inventory		INFERRED exact-path scope; source not read
38	specs/.history/modular-fuzzing-epic/ticket-008-MF-015/results/testgraph-specWorkflow/cleanup-failure-probe-test-graph/build-logic/src/main/kotlin/com/hayden/testgraphsdk/tasks/RunTestGraphTask.kt:23	"lexical hit not semantically classified: return ""${safeGraphName}-${fmt.format(Instant.now())}-${UUID.randomUUID().toString().take(8)}"""	out-of-scope	ticket_plan.yaml:648-658	none mapped	undeclared	out_of_scope_lexical_inventory		INFERRED exact-path scope; source not read
39	specs/.history/modular-fuzzing-epic/ticket-008-MF-015/ticket/results/testgraph-specWorkflow/cleanup-failure-probe-test-graph/build-logic/src/main/kotlin/com/hayden/testgraphsdk/tasks/RunTestGraphTask.kt:23	"lexical hit not semantically classified: return ""${safeGraphName}-${fmt.format(Instant.now())}-${UUID.randomUUID().toString().take(8)}"""	out-of-scope	ticket_plan.yaml:648-658	none mapped	undeclared	out_of_scope_lexical_inventory		INFERRED exact-path scope; source not read
40	specs/.history/modular-fuzzing-epic/ticket-009-MF-017/ticket/results/graph-reports/specWorkflow-20260718-213733-cd7fff06/cleanup-failure-probe-test-graph/build-logic/src/main/kotlin/com/hayden/testgraphsdk/tasks/RunTestGraphTask.kt:23	"lexical hit not semantically classified: return ""${safeGraphName}-${fmt.format(Instant.now())}-${UUID.randomUUID().toString().take(8)}"""	out-of-scope	ticket_plan.yaml:648-658	none mapped	undeclared	out_of_scope_lexical_inventory		INFERRED exact-path scope; source not read
41	specs/.history/modular-fuzzing-epic/ticket-009-MF-027/ticket/results/graph-reports/specWorkflow-20260719-194428-2cebfb33/cleanup-failure-probe-test-graph/build-logic/src/main/kotlin/com/hayden/testgraphsdk/tasks/RunTestGraphTask.kt:23	"lexical hit not semantically classified: return ""${safeGraphName}-${fmt.format(Instant.now())}-${UUID.randomUUID().toString().take(8)}"""	out-of-scope	ticket_plan.yaml:648-658	none mapped	undeclared	out_of_scope_lexical_inventory		INFERRED exact-path scope; source not read
42	specs/.history/modular-fuzzing-epic/ticket-013-MF-026/results/testgraph/specWorkflow/cleanup-failure-probe-test-graph/build-logic/src/main/kotlin/com/hayden/testgraphsdk/tasks/RunTestGraphTask.kt:23	"lexical hit not semantically classified: return ""${safeGraphName}-${fmt.format(Instant.now())}-${UUID.randomUUID().toString().take(8)}"""	out-of-scope	ticket_plan.yaml:648-658	none mapped	undeclared	out_of_scope_lexical_inventory		INFERRED exact-path scope; source not read
43	specs/.history/modular-fuzzing-epic/ticket-013-MF-026/ticket/results/testgraph/specWorkflow/cleanup-failure-probe-test-graph/build-logic/src/main/kotlin/com/hayden/testgraphsdk/tasks/RunTestGraphTask.kt:23	"lexical hit not semantically classified: return ""${safeGraphName}-${fmt.format(Instant.now())}-${UUID.randomUUID().toString().take(8)}"""	out-of-scope	ticket_plan.yaml:648-658	none mapped	undeclared	out_of_scope_lexical_inventory		INFERRED exact-path scope; source not read
44	specs/.history/modular-fuzzing-epic/ticket-014-MF-028/snapshots/current/production_adapters.py:276	lexical hit not semantically classified: choice between failing on `result.next` forever or copying it out of the	out-of-scope	ticket_plan.yaml:648-658	none mapped	undeclared	out_of_scope_lexical_inventory		INFERRED exact-path scope; source not read
45	specs/.history/modular-fuzzing-epic/ticket-014-MF-028/ticket/current/production_adapters.py:276	lexical hit not semantically classified: choice between failing on `result.next` forever or copying it out of the	out-of-scope	ticket_plan.yaml:648-658	none mapped	undeclared	out_of_scope_lexical_inventory		INFERRED exact-path scope; source not read
46	specs/.history/modular-fuzzing-epic/ticket-014-MF-028/ticket/desired/production_adapters.py:276	lexical hit not semantically classified: choice between failing on `result.next` forever or copying it out of the	out-of-scope	ticket_plan.yaml:648-658	none mapped	undeclared	out_of_scope_lexical_inventory		INFERRED exact-path scope; source not read
47	specs/.history/modular-fuzzing-epic/ticket-015-MF-029/snapshots/current/production_adapters.py:276	lexical hit not semantically classified: choice between failing on `result.next` forever or copying it out of the	out-of-scope	ticket_plan.yaml:648-658	none mapped	undeclared	out_of_scope_lexical_inventory		INFERRED exact-path scope; source not read
48	specs/.history/modular-fuzzing-epic/ticket-015-MF-029/ticket/current/production_adapters.py:276	lexical hit not semantically classified: choice between failing on `result.next` forever or copying it out of the	out-of-scope	ticket_plan.yaml:648-658	none mapped	undeclared	out_of_scope_lexical_inventory		INFERRED exact-path scope; source not read
49	specs/.history/modular-fuzzing-epic/ticket-015-MF-029/ticket/desired/production_adapters.py:276	lexical hit not semantically classified: choice between failing on `result.next` forever or copying it out of the	out-of-scope	ticket_plan.yaml:648-658	none mapped	undeclared	out_of_scope_lexical_inventory		INFERRED exact-path scope; source not read
50	specs/.history/modular-fuzzing-epic/ticket-016-MF-030/snapshots/current/production_adapters.py:276	lexical hit not semantically classified: choice between failing on `result.next` forever or copying it out of the	out-of-scope	ticket_plan.yaml:648-658	none mapped	undeclared	out_of_scope_lexical_inventory		INFERRED exact-path scope; source not read
51	specs/.history/modular-fuzzing-epic/ticket-016-MF-030/ticket/current/production_adapters.py:276	lexical hit not semantically classified: choice between failing on `result.next` forever or copying it out of the	out-of-scope	ticket_plan.yaml:648-658	none mapped	undeclared	out_of_scope_lexical_inventory		INFERRED exact-path scope; source not read
52	specs/.history/modular-fuzzing-epic/ticket-016-MF-030/ticket/desired/production_adapters.py:276	lexical hit not semantically classified: choice between failing on `result.next` forever or copying it out of the	out-of-scope	ticket_plan.yaml:648-658	none mapped	undeclared	out_of_scope_lexical_inventory		INFERRED exact-path scope; source not read
53	specs/.history/modular-fuzzing-epic/ticket-017-MF-031/snapshots/current/production_adapters.py:302	lexical hit not semantically classified: choice between failing on `result.next` forever or copying it out of the	out-of-scope	ticket_plan.yaml:648-658	none mapped	undeclared	out_of_scope_lexical_inventory		INFERRED exact-path scope; source not read
54	specs/.history/modular-fuzzing-epic/ticket-017-MF-031/ticket/current/production_adapters.py:302	lexical hit not semantically classified: choice between failing on `result.next` forever or copying it out of the	out-of-scope	ticket_plan.yaml:648-658	none mapped	undeclared	out_of_scope_lexical_inventory		INFERRED exact-path scope; source not read
55	specs/.history/modular-fuzzing-epic/ticket-017-MF-031/ticket/desired/production_adapters.py:302	lexical hit not semantically classified: choice between failing on `result.next` forever or copying it out of the	out-of-scope	ticket_plan.yaml:648-658	none mapped	undeclared	out_of_scope_lexical_inventory		INFERRED exact-path scope; source not read
56	specs/.history/modular-fuzzing-epic/ticket-022-MF-036/snapshots/current/production_adapters.py:276	lexical hit not semantically classified: choice between failing on `result.next` forever or copying it out of the	out-of-scope	ticket_plan.yaml:648-658	none mapped	undeclared	out_of_scope_lexical_inventory		INFERRED exact-path scope; source not read
57	specs/.history/modular-fuzzing-epic/ticket-022-MF-036/ticket/current/production_adapters.py:276	lexical hit not semantically classified: choice between failing on `result.next` forever or copying it out of the	out-of-scope	ticket_plan.yaml:648-658	none mapped	undeclared	out_of_scope_lexical_inventory		INFERRED exact-path scope; source not read
58	specs/.history/modular-fuzzing-epic/ticket-022-MF-036/ticket/desired/production_adapters.py:276	lexical hit not semantically classified: choice between failing on `result.next` forever or copying it out of the	out-of-scope	ticket_plan.yaml:648-658	none mapped	undeclared	out_of_scope_lexical_inventory		INFERRED exact-path scope; source not read
59	specs/tickets/MF-027/results/graph-reports/specWorkflow-20260719-194428-2cebfb33/cleanup-failure-probe-test-graph/build-logic/src/main/kotlin/com/hayden/testgraphsdk/tasks/RunTestGraphTask.kt:23	"lexical hit not semantically classified: return ""${safeGraphName}-${fmt.format(Instant.now())}-${UUID.randomUUID().toString().take(8)}"""	out-of-scope	ticket_plan.yaml:648-658	none mapped	undeclared	out_of_scope_lexical_inventory		INFERRED exact-path scope; source not read
60	specs/tickets/MF-027/results/graph-reports/specWorkflow-20260719-195414-d28e3b52/cleanup-failure-probe-test-graph/build-logic/src/main/kotlin/com/hayden/testgraphsdk/tasks/RunTestGraphTask.kt:23	"lexical hit not semantically classified: return ""${safeGraphName}-${fmt.format(Instant.now())}-${UUID.randomUUID().toString().take(8)}"""	out-of-scope	ticket_plan.yaml:648-658	none mapped	undeclared	out_of_scope_lexical_inventory		INFERRED exact-path scope; source not read
61	test_graph/build-logic/src/main/kotlin/com/hayden/testgraphsdk/tasks/RunTestGraphTask.kt:23	"lexical hit not semantically classified: return ""${safeGraphName}-${fmt.format(Instant.now())}-${UUID.randomUUID().toString().take(8)}"""	out-of-scope	ticket_plan.yaml:648-658	none mapped	undeclared	out_of_scope_lexical_inventory		INFERRED exact-path scope; source not read
62	tests/test_corpus_diagnostics.py:90	lexical hit not semantically classified: This is the structural guarantee. A distillation/trim/sample helper would	out-of-scope	ticket_plan.yaml:648-658	none mapped	undeclared	out_of_scope_lexical_inventory		INFERRED exact-path scope; source not read
63	tests/test_corpus_diagnostics.py:94	"lexical hit not semantically classified: forbidden = (""distill"", ""trim"", ""sample"", ""prune"", ""truncate"", ""drop"", ""select_survivors"")"	out-of-scope	ticket_plan.yaml:648-658	none mapped	undeclared	out_of_scope_lexical_inventory		INFERRED exact-path scope; source not read
64	tests/test_corpus_diagnostics.py:117	"lexical hit not semantically classified: for flag in (""--distill"", ""--trim"", ""--sample"", ""--prune"", ""--max-cases""):"	out-of-scope	ticket_plan.yaml:648-658	none mapped	undeclared	out_of_scope_lexical_inventory		INFERRED exact-path scope; source not read
65	tests/test_effect_provider_fuzzing.py:1266	lexical hit not semantically classified: import random	out-of-scope	ticket_plan.yaml:648-658	none mapped	undeclared	out_of_scope_lexical_inventory		INFERRED exact-path scope; source not read
66	tests/test_effect_provider_fuzzing.py:1278	"lexical hit not semantically classified: ""choice"": scope.choice,"	out-of-scope	ticket_plan.yaml:648-658	none mapped	undeclared	out_of_scope_lexical_inventory		INFERRED exact-path scope; source not read
67	tests/test_effect_provider_fuzzing.py:1307	lexical hit not semantically classified: rng = random.Random(context.derived_seed)	out-of-scope	ticket_plan.yaml:648-658	none mapped	undeclared	out_of_scope_lexical_inventory		INFERRED exact-path scope; source not read
68	tests/test_effect_provider_fuzzing.py:1308	"lexical hit not semantically classified: self.choice = f""artifact-{{rng.randrange(1_000_000)}}.json"""	out-of-scope	ticket_plan.yaml:648-658	none mapped	undeclared	out_of_scope_lexical_inventory		INFERRED exact-path scope; source not read
69	tests/test_effect_provider_fuzzing.py:1310	"lexical hit not semantically classified: ""status"": rng.choice([""accepted"", ""stored"", ""committed""]),"	out-of-scope	ticket_plan.yaml:648-658	none mapped	undeclared	out_of_scope_lexical_inventory		INFERRED exact-path scope; source not read
70	tests/test_effect_provider_fuzzing.py:1318	"lexical hit not semantically classified: ""choice"": self.choice,"	out-of-scope	ticket_plan.yaml:648-658	none mapped	undeclared	out_of_scope_lexical_inventory		INFERRED exact-path scope; source not read
71	tests/test_effect_provider_fuzzing.py:1461	"lexical hit not semantically classified: event[""choice""],"	out-of-scope	ticket_plan.yaml:648-658	none mapped	undeclared	out_of_scope_lexical_inventory		INFERRED exact-path scope; source not read
72	tests/test_effect_provider_fuzzing.py:1466	"lexical hit not semantically classified: if ""choice"" in event"	out-of-scope	ticket_plan.yaml:648-658	none mapped	undeclared	out_of_scope_lexical_inventory		INFERRED exact-path scope; source not read
